seqIndex,prediction,distToMargin,P(-1),P(+1)
1,1,1.02343997959,0.0323081662017,0.967691833798
2,1,1.10875264036,0.0245982569904,0.97540174301
3,1,0.783945593754,0.0683564579617,0.931643542038
4,-1,-1.6857853122,0.995989764066,0.00401023593369
5,-1,-0.882712203205,0.944391986596,0.0556080134044
6,1,0.357532879581,0.230220552987,0.769779447013
7,1,1.09225593446,0.0259342938895,0.97406570611
8,1,1.11496793664,0.0241124741403,0.97588752586
9,-1,-0.207743132974,0.655150981762,0.344849018238
10,1,0.20117966611,0.333510747877,0.666489252123
11,-1,-0.314157510038,0.731833658373,0.268166341627
12,1,1.410853473,0.0092465672543,0.990753432746
13,1,0.90476963363,0.0470016322656,0.952998367734
14,1,0.98194553698,0.0368570893046,0.963142910695
15,1,0.55436182516,0.135160334154,0.864839665846
16,1,1.39561474081,0.00971751184489,0.990282488155
17,1,1.48481387558,0.00726327282302,0.992736727177
18,1,0.633483287296,0.107457134876,0.892542865124
19,-1,-0.575843706381,0.86591532605,0.13408467395
20,1,0.70131711371,0.0878328970782,0.912167102922
21,1,0.678335980066,0.0940864156099,0.90591358439
22,1,0.794317178821,0.0662162825352,0.933783717465
23,1,0.691760459437,0.0903861754632,0.909613824537
24,1,1.3515639719,0.0112165180673,0.988783481933
25,1,1.36783780973,0.0106378197474,0.989362180253
26,1,1.60627223239,0.00488152510463,0.995118474895
27,1,1.43542306273,0.00853442357056,0.991465576429
28,1,0.658522768569,0.099797299651,0.900202700349
29,1,0.323914015882,0.250421347914,0.749578652086
30,-1,-0.0085506449339,0.5,0.5
31,-1,-0.217047240685,0.661645844489,0.338354155511
32,1,1.34211645159,0.0115666345578,0.988433365442
33,-1,-0.231987404578,0.671897490597,0.328102509403
34,-1,-0.460625214246,0.815486189081,0.184513810919
35,1,0.551422521149,0.136297873235,0.863702126765
36,1,0.145046573016,0.373637472955,0.626362527045
37,-1,-0.0147967347715,0.5,0.5
38,1,1.04105487801,0.0305453932923,0.969454606708
39,1,1.03330856076,0.0313088267559,0.968691173244
40,1,0.895606857654,0.0483693870152,0.951630612985
